{
  "name": "殷红之酒",
  "icon": "elementaristics:wine_redmost",
  "category": "alchemy",
  "advancement": "elementaristics:progress_ascension_4",
  "pages": [
    {
      "type": "text",
      "text": "殷红之酒可能是神秘学家们可以获得的最好的享乐之物了。$(br)酒的颜色殷红似血,其中闪烁的点点微光，好似万千星辰在其中游弋。$(br)它的味道……$(o)天啊，它的味道！$()"
    },
    {
      "type": "spotlight",
      "item": "elementaristics:wine_redmost",
      "text": "殷红之酒可以在$(l:manipulation/entry_basin)注魔盆$()中制造得来，向其中注入$(l:alchemy/entry_tincture)奥术鸦片$()以及$(li)肉体源质$(li)水之源质$(li)心智源质$(li)大地源质$()可以获得。",
      "link_recipe": true
    }
  ]
}