{
  "entity.twilightforest.alphayeti.alert": { "subtitle": "subtitles.twilightforest.entity.alphayeti.alert", "sounds": [ "twilightforest:mob/alphayeti/alert" ] },
  "entity.twilightforest.alphayeti.death": { "subtitle": "subtitles.twilightforest.entity.alphayeti.death", "sounds": [ "twilightforest:mob/alphayeti/die" ] },
  "entity.twilightforest.alphayeti.grab": { "subtitle": "subtitles.twilightforest.entity.alphayeti.grab", "sounds": [ "twilightforest:mob/alphayeti/grab" ] },
  "entity.twilightforest.alphayeti.growl": { "subtitle": "subtitles.twilightforest.entity.alphayeti.growl", "sounds": [ "twilightforest:mob/alphayeti/growl1", "twilightforest:mob/alphayeti/growl2", "twilightforest:mob/alphayeti/growl3" ] },
  "entity.twilightforest.alphayeti.hurt": { "subtitle": "subtitles.twilightforest.entity.alphayeti.hurt", "sounds": [ "twilightforest:mob/alphayeti/hurt1", "twilightforest:mob/alphayeti/hurt2", "twilightforest:mob/alphayeti/hurt3" ] },
  "entity.twilightforest.alphayeti.ice": { "subtitle": "subtitles.twilightforest.entity.alphayeti.ice", "sounds": ["random/bow"] },
  "entity.twilightforest.alphayeti.pant": { "subtitle": "subtitles.twilightforest.entity.alphayeti.pant", "sounds": [ "twilightforest:mob/alphayeti/pant1", "twilightforest:mob/alphayeti/pant2", "twilightforest:mob/alphayeti/pant3" ] },
  "entity.twilightforest.alphayeti.roar": { "subtitle": "subtitles.twilightforest.entity.alphayeti.roar", "sounds": [ "twilightforest:mob/alphayeti/roar" ] },
  "entity.twilightforest.alphayeti.throw": { "subtitle": "subtitles.twilightforest.entity.alphayeti.throw", "sounds": [ "twilightforest:mob/alphayeti/throw" ] },
  "entity.twilightforest.bighorn.ambient": { "subtitle": "subtitles.twilightforest.entity.bighorn.ambient", "sounds": [ "mob/sheep/say1", "mob/sheep/say2", "mob/sheep/say3" ] },
  "entity.twilightforest.bighorn.death": { "subtitle": "subtitles.twilightforest.entity.bighorn.death", "sounds": [ "mob/sheep/say1", "mob/sheep/say2",  "mob/sheep/say3" ] },
  "entity.twilightforest.bighorn.hurt": { "subtitle": "subtitles.twilightforest.entity.bighorn.hurt", "sounds": [ "mob/sheep/say1", "mob/sheep/say2", "mob/sheep/say3" ] },
  "entity.twilightforest.bighorn.step": { "subtitle": "subtitles.block.generic.footsteps", "sounds": [ "mob/sheep/step1", "mob/sheep/step2", "mob/sheep/step3", "mob/sheep/step4", "mob/sheep/step5" ] },
  "entity.twilightforest.blockchain.ambient": { "subtitle": "subtitles.twilightforest.entity.blockchain.ambient", "sounds": [ "twilightforest:mob/redcap/redcap0", "twilightforest:mob/redcap/redcap1", "twilightforest:mob/redcap/redcap2", "twilightforest:mob/redcap/redcap3", "twilightforest:mob/redcap/redcap4", "twilightforest:mob/redcap/redcap5" ] },
  "entity.twilightforest.blockchain.death": { "subtitle": "subtitles.twilightforest.entity.blockchain.death", "sounds": [ "twilightforest:mob/redcap/die0", "twilightforest:mob/redcap/die1", "twilightforest:mob/redcap/die2" ] },
  "entity.twilightforest.blockchain.hurt": { "subtitle": "subtitles.twilightforest.entity.blockchain.hurt", "sounds": [ "twilightforest:mob/redcap/hurt0", "twilightforest:mob/redcap/hurt1", "twilightforest:mob/redcap/hurt2", "twilightforest:mob/redcap/hurt3" ] },
  "entity.twilightforest.boar.ambient": { "subtitle": "subtitles.twilightforest.entity.boar.ambient", "sounds": [ "mob/pig/say1", "mob/pig/say2", "mob/pig/say3" ] },
  "entity.twilightforest.boar.death": { "subtitle": "subtitles.twilightforest.entity.boar.death", "sounds": [ "mob/pig/death" ] },
  "entity.twilightforest.boar.hurt": { "subtitle": "subtitles.twilightforest.entity.boar.hurt", "sounds": [ "mob/pig/say1", "mob/pig/say2", "mob/pig/say3" ] },
  "entity.twilightforest.boar.step": { "subtitle": "subtitles.block.generic.footsteps", "sounds": [ "mob/pig/step1", "mob/pig/step2", "mob/pig/step3", "mob/pig/step4",  "mob/pig/step5" ] },
  "entity.twilightforest.broodling.ambient": { "subtitle": "subtitles.twilightforest.entity.broodling.ambient", "sounds": [ "mob/spider/say1", "mob/spider/say2", "mob/spider/say3", "mob/spider/say4" ] },
  "entity.twilightforest.broodling.death": { "subtitle": "subtitles.twilightforest.entity.broodling.death", "sounds": [ "mob/spider/death" ] },
  "entity.twilightforest.broodling.hurt": { "subtitle": "subtitles.twilightforest.entity.broodling.hurt", "sounds": [  "mob/spider/say1", "mob/spider/say2", "mob/spider/say3", "mob/spider/say4" ] },
  "entity.twilightforest.broodling.step": { "subtitle": "subtitles.block.generic.footsteps", "sounds": [ "mob/spider/step1", "mob/spider/step2",  "mob/spider/step3", "mob/spider/step4" ] },
  "entity.twilightforest.carminitegolem.attack": { "subtitle": "subtitles.twilightforest.entity.carminitegolem.attack", "sounds": [ "mob/irongolem/throw" ] },
  "entity.twilightforest.carminitegolem.death": { "subtitle": "subtitles.twilightforest.entity.carminitegolem.death", "sounds": [ "mob/irongolem/death" ] },
  "entity.twilightforest.carminitegolem.hurt": { "subtitle": "subtitles.twilightforest.entity.carminitegolem.hurt", "sounds": [  "mob/irongolem/hit1", "mob/irongolem/hit2", "mob/irongolem/hit3", "mob/irongolem/hit4" ] },
  "entity.twilightforest.carminitegolem.step": { "subtitle": "subtitles.block.generic.footsteps", "sounds": [ "mob/irongolem/walk1", "mob/irongolem/walk2", "mob/irongolem/walk3", "mob/irongolem/walk4" ] },
  "entity.twilightforest.cicada": { "subtitle": "subtitles.twilightforest.entity.cicada", "sounds": [ "twilightforest:mob/cicada0", "twilightforest:mob/cicada1" ] },
  "entity.twilightforest.deer.death": { "subtitle": "subtitles.twilightforest.entity.deer.death", "sounds": [ "twilightforest:mob/deer/death" ] },
  "entity.twilightforest.deer.hurt": { "subtitle": "subtitles.twilightforest.entity.deer.hurt", "sounds": [ "twilightforest:mob/deer/hurt1", "twilightforest:mob/deer/hurt2" ] },
  "entity.twilightforest.deer.idle": { "subtitle": "subtitles.twilightforest.entity.deer.idle", "sounds": [ "twilightforest:mob/deer/idle1", "twilightforest:mob/deer/idle2", "twilightforest:mob/deer/idle3" ] },
  "entity.twilightforest.druid.ambient": { "subtitle": "subtitles.twilightforest.entity.druid.ambient", "sounds": [ "mob/skeleton/say1", "mob/skeleton/say2", "mob/skeleton/say3" ] },
  "entity.twilightforest.druid.death": { "subtitle": "subtitles.twilightforest.entity.druid.death", "sounds": [ "mob/skeleton/death" ] },
  "entity.twilightforest.druid.hurt": { "subtitle": "subtitles.twilightforest.entity.druid.hurt", "sounds": [  "mob/skeleton/hurt1", "mob/skeleton/hurt2", "mob/skeleton/hurt3", "mob/skeleton/hurt4" ] },
  "entity.twilightforest.druid.shoot": { "subtitle": "subtitles.twilightforest.entity.druid.shoot", "sounds": [ "mob/ghast/fireball4" ] },
  "entity.twilightforest.druid.step": { "subtitle": "subtitles.block.generic.footsteps", "sounds": [ "mob/skeleton/step1", "mob/skeleton/step2", "mob/skeleton/step3", "mob/skeleton/step4" ] },
  "entity.twilightforest.firebeetle.ambient": { "subtitle": "subtitles.twilightforest.entity.firebeetle.ambient", "sounds": [ "mob/spider/say1", "mob/spider/say2", "mob/spider/say3", "mob/spider/say4" ] },
  "entity.twilightforest.firebeetle.death": { "subtitle": "subtitles.twilightforest.entity.firebeetle.death", "sounds": [ "mob/spider/death" ] },
  "entity.twilightforest.firebeetle.hurt": { "subtitle": "subtitles.twilightforest.entity.firebeetle.hurt", "sounds": [  "mob/spider/say1", "mob/spider/say2", "mob/spider/say3", "mob/spider/say4" ] },
  "entity.twilightforest.firebeetle.shoot": { "subtitle": "subtitles.twilightforest.entity.firebeetle.shoot", "sounds": [ "mob/ghast/fireball4" ] },
  "entity.twilightforest.firebeetle.step": { "subtitle": "subtitles.block.generic.footsteps", "sounds": [ "mob/spider/step1", "mob/spider/step2",  "mob/spider/step3", "mob/spider/step4" ] },
  "entity.twilightforest.ghastguard.ambient": { "subtitle": "subtitles.twilightforest.entity.ghastguard.ambient", "sounds": [ "mob/ghast/moan1", "mob/ghast/moan2",  "mob/ghast/moan3", "mob/ghast/moan4", "mob/ghast/moan5", "mob/ghast/moan6", "mob/ghast/moan7" ] },
  "entity.twilightforest.ghastguard.death": { "subtitle": "subtitles.twilightforest.entity.ghastguard.death", "sounds": [ "mob/ghast/death" ] },
  "entity.twilightforest.ghastguard.hurt": { "subtitle": "subtitles.twilightforest.entity.ghastguard.hurt", "sounds": [  "mob/ghast/scream1", "mob/ghast/scream2", "mob/ghast/scream3", "mob/ghast/scream4", "mob/ghast/scream5" ] },
  "entity.twilightforest.ghastling.ambient": { "subtitle": "subtitles.twilightforest.entity.ghastling.ambient", "sounds": [ "mob/ghast/moan1", "mob/ghast/moan2",  "mob/ghast/moan3", "mob/ghast/moan4", "mob/ghast/moan5", "mob/ghast/moan6", "mob/ghast/moan7" ] },
  "entity.twilightforest.ghastling.death": { "subtitle": "subtitles.twilightforest.entity.ghastling.death", "sounds": [ "mob/ghast/death" ] },
  "entity.twilightforest.ghastling.hurt": { "subtitle": "subtitles.twilightforest.entity.ghastling.hurt", "sounds": [  "mob/ghast/scream1", "mob/ghast/scream2", "mob/ghast/scream3", "mob/ghast/scream4", "mob/ghast/scream5" ] },
  "entity.twilightforest.goblinknight.ambient": { "subtitle": "subtitles.twilightforest.entity.goblinknight.ambient", "sounds": [ "twilightforest:mob/redcap/redcap0", "twilightforest:mob/redcap/redcap1", "twilightforest:mob/redcap/redcap2", "twilightforest:mob/redcap/redcap3", "twilightforest:mob/redcap/redcap4", "twilightforest:mob/redcap/redcap5" ] },
  "entity.twilightforest.goblinknight.death": { "subtitle": "subtitles.twilightforest.entity.goblinknight.death", "sounds": [ "twilightforest:mob/redcap/die0", "twilightforest:mob/redcap/die1", "twilightforest:mob/redcap/die2" ] },
  "entity.twilightforest.goblinknight.hurt": { "subtitle": "subtitles.twilightforest.entity.goblinknight.hurt", "sounds": [ "twilightforest:mob/redcap/hurt0", "twilightforest:mob/redcap/hurt1", "twilightforest:mob/redcap/hurt2", "twilightforest:mob/redcap/hurt3" ] },
  "entity.twilightforest.goblinknight.muffled.ambient": { "subtitle": "subtitles.twilightforest.entity.goblinknight.muffled.ambient", "sounds": [ "twilightforest:mob/redcap/muffled/redcap0", "twilightforest:mob/redcap/muffled/redcap1", "twilightforest:mob/redcap/muffled/redcap2", "twilightforest:mob/redcap/muffled/redcap3", "twilightforest:mob/redcap/muffled/redcap4", "twilightforest:mob/redcap/muffled/redcap5" ] },
  "entity.twilightforest.goblinknight.muffled.death": { "subtitle": "subtitles.twilightforest.entity.goblinknight.muffled.death", "sounds": [ "twilightforest:mob/redcap/muffled/die0", "twilightforest:mob/redcap/muffled/die1", "twilightforest:mob/redcap/muffled/die2" ] },
  "entity.twilightforest.goblinknight.muffled.hurt": { "subtitle": "subtitles.twilightforest.entity.goblinknight.muffled.hurt", "sounds": [ "twilightforest:mob/redcap/muffled/hurt0", "twilightforest:mob/redcap/muffled/hurt1", "twilightforest:mob/redcap/muffled/hurt2", "twilightforest:mob/redcap/muffled/hurt3" ] },
  "entity.twilightforest.hedgespider.ambient": { "subtitle": "subtitles.twilightforest.entity.hedgespider.ambient", "sounds": [ "mob/spider/say1", "mob/spider/say2", "mob/spider/say3", "mob/spider/say4" ] },
  "entity.twilightforest.hedgespider.death": { "subtitle": "subtitles.twilightforest.entity.hedgespider.death", "sounds": [ "mob/spider/death" ] },
  "entity.twilightforest.hedgespider.hurt": { "subtitle": "subtitles.twilightforest.entity.hedgespider.hurt", "sounds": [  "mob/spider/say1", "mob/spider/say2", "mob/spider/say3", "mob/spider/say4" ] },
  "entity.twilightforest.hedgespider.step": { "subtitle": "subtitles.block.generic.footsteps", "sounds": [ "mob/spider/step1", "mob/spider/step2",  "mob/spider/step3", "mob/spider/step4" ] },
  "entity.twilightforest.helmetcrab.death": { "subtitle": "subtitles.twilightforest.entity.helmetcrab.death", "sounds": [ "mob/spider/death" ] },
  "entity.twilightforest.helmetcrab.hurt": { "subtitle": "subtitles.twilightforest.entity.helmetcrab.hurt", "sounds": [  "mob/spider/say1", "mob/spider/say2", "mob/spider/say3", "mob/spider/say4" ] },
  "entity.twilightforest.helmetcrab.step": { "subtitle": "subtitles.block.generic.footsteps", "sounds": [ "mob/spider/step1", "mob/spider/step2",  "mob/spider/step3", "mob/spider/step4" ] },
  "entity.twilightforest.hostilewolf.death": { "subtitle": "subtitles.twilightforest.entity.hostilewolf.death", "sounds": [ "mob/wolf/death" ] },
  "entity.twilightforest.hostilewolf.hurt": { "subtitle": "subtitles.twilightforest.entity.hostilewolf.hurt", "sounds": [ "twilightforest:mob/mistwolf/hurt1", "twilightforest:mob/mistwolf/hurt2" ] },
  "entity.twilightforest.hostilewolf.idle": { "subtitle": "subtitles.twilightforest.entity.hostilewolf.idle", "sounds": [ "twilightforest:mob/mistwolf/idle1", "twilightforest:mob/mistwolf/idle2", "twilightforest:mob/mistwolf/idle3" ] },
  "entity.twilightforest.hostilewolf.target": { "subtitle": "subtitles.twilightforest.entity.hostilewolf.target", "sounds": [ "twilightforest:mob/mistwolf/target" ] },
  "entity.twilightforest.hydra.death": { "subtitle": "subtitles.twilightforest.entity.hydra.death", "sounds": [ "twilightforest:mob/hydra/death0" ] },
  "entity.twilightforest.hydra.growl": { "subtitle": "subtitles.twilightforest.entity.hydra.growl", "sounds": [ "twilightforest:mob/hydra/growl0", "twilightforest:mob/hydra/growl1", "twilightforest:mob/hydra/growl2" ] },
  "entity.twilightforest.hydra.hurt": { "subtitle": "subtitles.twilightforest.entity.hydra.hurt", "sounds": [ "twilightforest:mob/hydra/hurt0", "twilightforest:mob/hydra/hurt1", "twilightforest:mob/hydra/hurt2", "twilightforest:mob/hydra/hurt3" ] },
  "entity.twilightforest.hydra.roar": { "subtitle": "subtitles.twilightforest.entity.hydra.roar", "sounds": [ "twilightforest:mob/hydra/roar0", "twilightforest:mob/hydra/roar1" ] },
  "entity.twilightforest.hydra.shoot": { "subtitle": "subtitles.twilightforest.entity.hydra.shoot", "sounds": ["mob/ghast/fireball4"] },
  "entity.twilightforest.hydra.warn": { "subtitle": "subtitles.twilightforest.entity.hydra.warn", "sounds": [ "twilightforest:mob/hydra/warn0" ] },
  "entity.twilightforest.ice.death": { "subtitle": "subtitles.twilightforest.entity.ice.death", "sounds": [ "twilightforest:mob/ice/death0", "twilightforest:mob/ice/death1" ] },
  "entity.twilightforest.ice.hurt": { "subtitle": "subtitles.twilightforest.entity.ice.hurt", "sounds": [ "twilightforest:mob/ice/hurt0", "twilightforest:mob/ice/hurt1" ] },
  "entity.twilightforest.ice.noise": { "subtitle": "subtitles.twilightforest.entity.ice.noise", "sounds": [ "twilightforest:mob/ice/noise0", "twilightforest:mob/ice/noise1" ] },
  "entity.twilightforest.ice.shoot": { "subtitle": "subtitles.twilightforest.entity.ice.shoot", "sounds": ["random/bow"] },
  "entity.twilightforest.iceguardian.ambient": { "subtitle": "subtitles.twilightforest.entity.iceguardian.ambient", "sounds": [ "twilightforest:mob/ice/noise0", "twilightforest:mob/ice/noise1" ] },
  "entity.twilightforest.iceguardian.death": { "subtitle": "subtitles.twilightforest.entity.iceguardian.death", "sounds": [ "twilightforest:mob/ice/death0", "twilightforest:mob/ice/death1" ] },
  "entity.twilightforest.iceguardian.hurt": { "subtitle": "subtitles.twilightforest.entity.iceguardian.hurt", "sounds": [ "twilightforest:mob/ice/hurt0", "twilightforest:mob/ice/hurt1" ] },
  "entity.twilightforest.kingspider.ambient": { "subtitle": "subtitles.twilightforest.entity.kingspider.ambient", "sounds": [ "mob/spider/say1", "mob/spider/say2", "mob/spider/say3", "mob/spider/say4" ] },
  "entity.twilightforest.kingspider.death": { "subtitle": "subtitles.twilightforest.entity.kingspider.death", "sounds": [ "mob/spider/death" ] },
  "entity.twilightforest.kingspider.hurt": { "subtitle": "subtitles.twilightforest.entity.kingspider.hurt", "sounds": [  "mob/spider/say1", "mob/spider/say2", "mob/spider/say3", "mob/spider/say4" ] },
  "entity.twilightforest.kingspider.step": { "subtitle": "subtitles.block.generic.footsteps", "sounds": [ "mob/spider/step1", "mob/spider/step2",  "mob/spider/step3", "mob/spider/step4" ] },
  "entity.twilightforest.kobold.ambient": { "subtitle": "subtitles.twilightforest.entity.kobold.ambient", "sounds": [ "twilightforest:mob/kobold/kobold0", "twilightforest:mob/kobold/kobold1", "twilightforest:mob/kobold/kobold2", "twilightforest:mob/kobold/kobold3", "twilightforest:mob/kobold/kobold4", "twilightforest:mob/kobold/kobold5" ] },
  "entity.twilightforest.kobold.death": { "subtitle": "subtitles.twilightforest.entity.kobold.death", "sounds": [ "twilightforest:mob/kobold/die0", "twilightforest:mob/kobold/die1", "twilightforest:mob/kobold/die2" ] },
  "entity.twilightforest.kobold.hurt": { "subtitle": "subtitles.twilightforest.entity.kobold.hurt", "sounds": [ "twilightforest:mob/kobold/hurt0", "twilightforest:mob/kobold/hurt1", "twilightforest:mob/kobold/hurt2" ] },
  "entity.twilightforest.lich.ambient": { "subtitle": "subtitles.twilightforest.entity.lich.ambient", "sounds": [ "mob/blaze/breathe1", "mob/blaze/breathe2", "mob/blaze/breathe3", "mob/blaze/breathe4" ] },
  "entity.twilightforest.lich.death": { "subtitle": "subtitles.twilightforest.entity.lich.death", "sounds": [ "mob/blaze/death" ] },
  "entity.twilightforest.lich.hurt": { "subtitle": "subtitles.twilightforest.entity.lich.hurt", "sounds": [  "mob/blaze/hit1", "mob/blaze/hit2", "mob/blaze/hit3", "mob/blaze/hit4" ] },
  "entity.twilightforest.lich.shoot": { "subtitle": "subtitles.twilightforest.entity.lich.shoot", "sounds": [ "mob/ghast/fireball4" ] },
  "entity.twilightforest.lich.teleport": { "subtitle": "subtitles.twilightforest.entity.lich.teleport", "sounds": [ "mob/endermen/portal", "mob/endermen/portal2" ] },
  "entity.twilightforest.lichclone.hurt": { "subtitle": "subtitles.twilightforest.entity.lichclone.hurt", "sounds": ["random/fizz"] },
  "entity.twilightforest.loyalzombie.ambient": { "subtitle": "subtitles.twilightforest.entity.loyalzombie.ambient", "sounds": [ "mob/zombie/say1", "mob/zombie/say2", "mob/zombie/say3" ] },
  "entity.twilightforest.loyalzombie.death": { "subtitle": "subtitles.twilightforest.entity.loyalzombie.death", "sounds": [ "mob/zombie/death" ] },
  "entity.twilightforest.loyalzombie.hurt": { "subtitle": "subtitles.twilightforest.entity.loyalzombie.hurt", "sounds": [  "mob/zombie/hurt1", "mob/zombie/hurt2" ] },
  "entity.twilightforest.loyalzombie.step": { "subtitle": "subtitles.block.generic.footsteps", "sounds": [ "mob/zombie/step1", "mob/zombie/step2", "mob/zombie/step3",  "mob/zombie/step4", "mob/zombie/step5" ] },
  "entity.twilightforest.mazeslime.death": { "subtitle": "subtitles.twilightforest.entity.mazeslime.death", "sounds": [  "mob/slime/big1", "mob/slime/big2", "mob/slime/big3", "mob/slime/big4" ] },
  "entity.twilightforest.mazeslime.hurt": { "subtitle": "subtitles.twilightforest.entity.mazeslime.hurt", "sounds": [   "mob/slime/big1", "mob/slime/big2", "mob/slime/big3", "mob/slime/big4" ] },
  "entity.twilightforest.mazeslime.squish": { "subtitle": "subtitles.twilightforest.entity.mazeslime.squish", "sounds": [ "mob/slime/big1", "mob/slime/big2", "mob/slime/big3", "mob/slime/big4" ] },
  "entity.twilightforest.mazeslimesmall.death": { "subtitle": "subtitles.twilightforest.entity.mazeslime.death", "sounds": [  "mob/slime/small1", "mob/slime/small2", "mob/slime/small3", "mob/slime/small4" ] },
  "entity.twilightforest.mazeslimesmall.hurt": { "subtitle": "subtitles.twilightforest.entity.mazeslime.hurt", "sounds": [   "mob/slime/small1", "mob/slime/small2", "mob/slime/small3", "mob/slime/small4" ] },
  "entity.twilightforest.mazeslimesmall.squish": { "subtitle": "subtitles.twilightforest.entity.mazeslime.squish", "sounds": [ "mob/slime/small1", "mob/slime/small2", "mob/slime/small3", "mob/slime/small4" ] },
  "entity.twilightforest.minion.ambient": { "subtitle": "subtitles.twilightforest.entity.minion.ambient", "sounds": [ "mob/zombie/say1", "mob/zombie/say2", "mob/zombie/say3" ] },
  "entity.twilightforest.minion.death": { "subtitle": "subtitles.twilightforest.entity.minion.death", "sounds": [ "mob/zombie/death" ] },
  "entity.twilightforest.minion.hurt": { "subtitle": "subtitles.twilightforest.entity.minion.hurt", "sounds": [  "mob/zombie/hurt1", "mob/zombie/hurt2" ] },
  "entity.twilightforest.minion.step": { "subtitle": "subtitles.block.generic.footsteps", "sounds": [ "mob/zombie/step1", "mob/zombie/step2", "mob/zombie/step3",  "mob/zombie/step4", "mob/zombie/step5" ] },
  "entity.twilightforest.minion.summon": { "subtitle": "subtitles.twilightforest.entity.minion.summon", "sounds": ["random/pop"] },
  "entity.twilightforest.minoshroom.ambient": { "subtitle": "subtitles.twilightforest.entity.minoshroom.ambient", "sounds": [ "mob/cow/say1", "mob/cow/say2", "mob/cow/say3", "mob/cow/say4" ] },
  "entity.twilightforest.minoshroom.attack": { "subtitle": "subtitles.twilightforest.entity.minoshroom.attack", "sounds": [ "mob/irongolem/throw" ] },
  "entity.twilightforest.minoshroom.death": { "subtitle": "subtitles.twilightforest.entity.minoshroom.death", "sounds": [ "mob/cow/hurt1", "mob/cow/hurt2", "mob/cow/hurt3" ] },
  "entity.twilightforest.minoshroom.hurt": { "subtitle": "subtitles.twilightforest.entity.minoshroom.hurt", "sounds": [   "mob/cow/hurt1", "mob/cow/hurt2", "mob/cow/hurt3" ] },
  "entity.twilightforest.minoshroom.step": { "subtitle": "subtitles.block.generic.footsteps", "sounds": [ "mob/cow/step1", "mob/cow/step2",  "mob/cow/step3", "mob/cow/step4" ] },
  "entity.twilightforest.minotaur.ambient": { "subtitle": "subtitles.twilightforest.entity.minotaur.ambient", "sounds": [ "mob/cow/say1", "mob/cow/say2", "mob/cow/say3", "mob/cow/say4" ] },
  "entity.twilightforest.minotaur.attack": { "subtitle": "subtitles.twilightforest.entity.minotaur.attack", "sounds": [ "mob/irongolem/throw" ] },
  "entity.twilightforest.minotaur.death": { "subtitle": "subtitles.twilightforest.entity.minotaur.death", "sounds": [ "mob/cow/hurt1", "mob/cow/hurt2", "mob/cow/hurt3" ] },
  "entity.twilightforest.minotaur.hurt": { "subtitle": "subtitles.twilightforest.entity.minotaur.hurt", "sounds": [   "mob/cow/hurt1", "mob/cow/hurt2", "mob/cow/hurt3" ] },
  "entity.twilightforest.minotaur.step": { "subtitle": "subtitles.block.generic.footsteps", "sounds": [ "mob/cow/step1", "mob/cow/step2",  "mob/cow/step3", "mob/cow/step4" ] },
  "entity.twilightforest.mistwolf.death": { "subtitle": "subtitles.twilightforest.entity.mistwolf.death", "sounds": [ "mob/wolf/death" ] },
  "entity.twilightforest.mistwolf.hurt": { "subtitle": "subtitles.twilightforest.entity.mistwolf.hurt", "sounds": [ "twilightforest:mob/mistwolf/hurt1", "twilightforest:mob/mistwolf/hurt2" ] },
  "entity.twilightforest.mistwolf.idle": { "subtitle": "subtitles.twilightforest.entity.mistwolf.idle", "sounds": [ "twilightforest:mob/mistwolf/idle1", "twilightforest:mob/mistwolf/idle2", "twilightforest:mob/mistwolf/idle3" ] },
  "entity.twilightforest.mistwolf.target": { "subtitle": "subtitles.twilightforest.entity.mistwolf.target", "sounds": [ "twilightforest:mob/mistwolf/target" ] },
  "entity.twilightforest.mosquito.ambient": { "subtitle": "subtitles.twilightforest.entity.mosquito.ambient", "sounds": [ "twilightforest:mob/mosquito/animals132" ] },
  "entity.twilightforest.naga.hiss": { "subtitle": "subtitles.twilightforest.entity.naga.hiss", "sounds": [ "twilightforest:mob/naga/hiss0", "twilightforest:mob/naga/hiss1", "twilightforest:mob/naga/hiss2" ] },
  "entity.twilightforest.naga.hurt": { "subtitle": "subtitles.twilightforest.entity.naga.hurt", "sounds": [ "twilightforest:mob/naga/hurt0", "twilightforest:mob/naga/hurt1", "twilightforest:mob/naga/hurt2" ] },
  "entity.twilightforest.naga.rattle": { "subtitle": "subtitles.twilightforest.entity.naga.rattle", "sounds": [ "twilightforest:mob/naga/rattle0", "twilightforest:mob/naga/rattle1" ] },
  "entity.twilightforest.kphantom.axe": { "subtitle": "subtitles.twilightforest.entity.kphantom.axe", "sounds": ["random/bow"] },
  "entity.twilightforest.kphantom.ambient": { "subtitle": "subtitles.twilightforest.entity.kphantom.ambient", "sounds": [ "twilightforest:mob/wraith/wraith0", "twilightforest:mob/wraith/wraith1", "twilightforest:mob/wraith/wraith2", "twilightforest:mob/wraith/wraith3" ] },
  "entity.twilightforest.kphantom.death": { "subtitle": "subtitles.twilightforest.entity.kphantom.death", "sounds": [ "twilightforest:mob/wraith/wraith0", "twilightforest:mob/wraith/wraith1", "twilightforest:mob/wraith/wraith2", "twilightforest:mob/wraith/wraith3" ] },
  "entity.twilightforest.kphantom.hurt": { "subtitle": "subtitles.twilightforest.entity.kphantom.hurt", "sounds": [ "twilightforest:mob/wraith/wraith0", "twilightforest:mob/wraith/wraith1", "twilightforest:mob/wraith/wraith2", "twilightforest:mob/wraith/wraith3" ] },
  "entity.twilightforest.kphantom.pick": { "subtitle": "subtitles.twilightforest.entity.kphantom.pick", "sounds": ["random/bow"] },
  "entity.twilightforest.pinchbeetle.death": { "subtitle": "subtitles.twilightforest.entity.pinchbeetle.death", "sounds": [ "mob/spider/death" ] },
  "entity.twilightforest.pinchbeetle.hurt": { "subtitle": "subtitles.twilightforest.entity.pinchbeetle.hurt", "sounds": [  "mob/spider/say1", "mob/spider/say2", "mob/spider/say3", "mob/spider/say4" ] },
  "entity.twilightforest.pinchbeetle.step": { "subtitle": "subtitles.block.generic.footsteps", "sounds": [ "mob/spider/step1", "mob/spider/step2",  "mob/spider/step3", "mob/spider/step4" ] },
  "entity.twilightforest.quest.ambient": { "subtitle": "subtitles.twilightforest.entity.quest.ambient", "sounds": [ "mob/sheep/say1", "mob/sheep/say2", "mob/sheep/say3" ] },
  "entity.twilightforest.quest.death": { "subtitle": "subtitles.twilightforest.entity.quest.death", "sounds": [ "mob/sheep/say1", "mob/sheep/say2",  "mob/sheep/say3" ] },
  "entity.twilightforest.quest.hurt": { "subtitle": "subtitles.twilightforest.entity.quest.hurt", "sounds": [ "mob/sheep/say1", "mob/sheep/say2", "mob/sheep/say3" ] },
  "entity.twilightforest.quest.step": { "subtitle": "subtitles.block.generic.footsteps", "sounds": [ "mob/sheep/step1", "mob/sheep/step2", "mob/sheep/step3", "mob/sheep/step4", "mob/sheep/step5" ] },
  "entity.twilightforest.raven.caw": { "subtitle": "subtitles.twilightforest.entity.raven.caw", "sounds": [ "twilightforest:mob/raven/caw0", "twilightforest:mob/raven/caw1" ] },
  "entity.twilightforest.raven.squawk": { "subtitle": "subtitles.twilightforest.entity.raven.squawk", "sounds": [ "twilightforest:mob/raven/squawk0", "twilightforest:mob/raven/squawk1" ] },
  "entity.twilightforest.redcap.ambient": { "subtitle": "subtitles.twilightforest.entity.redcap.ambient", "sounds": [ "twilightforest:mob/redcap/redcap0", "twilightforest:mob/redcap/redcap1", "twilightforest:mob/redcap/redcap2", "twilightforest:mob/redcap/redcap3", "twilightforest:mob/redcap/redcap4", "twilightforest:mob/redcap/redcap5" ] },
  "entity.twilightforest.redcap.death": { "subtitle": "subtitles.twilightforest.entity.redcap.death", "sounds": [ "twilightforest:mob/redcap/die0", "twilightforest:mob/redcap/die1", "twilightforest:mob/redcap/die2" ] },
  "entity.twilightforest.redcap.hurt": { "subtitle": "subtitles.twilightforest.entity.redcap.hurt", "sounds": [ "twilightforest:mob/redcap/hurt0", "twilightforest:mob/redcap/hurt1", "twilightforest:mob/redcap/hurt2", "twilightforest:mob/redcap/hurt3" ] },
  "entity.twilightforest.shield.add": { "subtitle": "subtitles.twilightforest.entity.shield.add", "sounds": ["mob/chicken/plop"] },
  "entity.twilightforest.shield.break": { "subtitle": "subtitles.twilightforest.entity.shield.break", "sounds": ["random/break"] },
  "entity.twilightforest.slimebeetle.death": { "subtitle": "subtitles.twilightforest.entity.slimebeetle.death", "sounds": [ "mob/spider/death" ] },
  "entity.twilightforest.slimebeetle.hurt": { "subtitle": "subtitles.twilightforest.entity.slimebeetle.hurt", "sounds": [  "mob/spider/say1", "mob/spider/say2", "mob/spider/say3", "mob/spider/say4" ] },
  "entity.twilightforest.slimebeetle.squish": { "subtitle": "subtitles.twilightforest.entity.mazeslime.squish", "sounds": [ "mob/slime/small1", "mob/slime/small2", "mob/slime/small3", "mob/slime/small4" ] },
  "entity.twilightforest.slimebeetle.step": { "subtitle": "subtitles.block.generic.footsteps", "sounds": [ "mob/spider/step1", "mob/spider/step2",  "mob/spider/step3", "mob/spider/step4" ] },
  "entity.twilightforest.snowqueen.ambient": { "subtitle": "subtitles.twilightforest.entity.snowqueen.ambient", "sounds": [ "twilightforest:mob/ice/noise0", "twilightforest:mob/ice/noise1" ] },
  "entity.twilightforest.snowqueen.attack": { "subtitle": "subtitles.twilightforest.entity.snowqueen.attack", "sounds": ["mob/irongolem/throw"] },
  "entity.twilightforest.snowqueen.break": { "subtitle": "subtitles.twilightforest.entity.snowqueen.break", "sounds": ["random/break"] },
  "entity.twilightforest.snowqueen.death": { "subtitle": "subtitles.twilightforest.entity.snowqueen.death", "sounds": [ "twilightforest:mob/ice/death0", "twilightforest:mob/ice/death1" ] },
  "entity.twilightforest.snowqueen.hurt": { "subtitle": "subtitles.twilightforest.entity.snowqueen.hurt", "sounds": [ "twilightforest:mob/ice/hurt0", "twilightforest:mob/ice/hurt1" ] },
  "entity.twilightforest.swarmspider.ambient": { "subtitle": "subtitles.twilightforest.entity.swarmspider.ambient", "sounds": [ "mob/spider/say1", "mob/spider/say2", "mob/spider/say3", "mob/spider/say4" ] },
  "entity.twilightforest.swarmspider.death": { "subtitle": "subtitles.twilightforest.entity.swarmspider.death", "sounds": [ "mob/spider/death" ] },
  "entity.twilightforest.swarmspider.hurt": { "subtitle": "subtitles.twilightforest.entity.swarmspider.hurt", "sounds": [  "mob/spider/say1", "mob/spider/say2", "mob/spider/say3", "mob/spider/say4" ] },
  "entity.twilightforest.swarmspider.step": { "subtitle": "subtitles.block.generic.footsteps", "sounds": [ "mob/spider/step1", "mob/spider/step2",  "mob/spider/step3", "mob/spider/step4" ] },
  "entity.twilightforest.tear.break": { "subtitle": "subtitles.twilightforest.entity.tear.break", "sounds": ["random/glass1", "random/glass2", "random/glass3"] },
  "entity.twilightforest.termite.ambient": { "subtitle": "subtitles.twilightforest.entity.termite.ambient", "sounds": [ "mob/silverfish/say1", "mob/silverfish/say2", "mob/silverfish/say3", "mob/silverfish/say4" ] },
  "entity.twilightforest.termite.death": { "subtitle": "subtitles.twilightforest.entity.termite.death", "sounds": [ "mob/silverfish/kill" ] },
  "entity.twilightforest.termite.hurt": { "subtitle": "subtitles.twilightforest.entity.termite.hurt", "sounds": [  "mob/silverfish/hit1", "mob/silverfish/hit2", "mob/silverfish/hit3" ] },
  "entity.twilightforest.termite.step": { "subtitle": "subtitles.block.generic.footsteps", "sounds": [ "mob/silverfish/step1", "mob/silverfish/step2", "mob/silverfish/step3", "mob/silverfish/step4" ] },
  "entity.twilightforest.tinybird.chirp": { "subtitle": "subtitles.twilightforest.entity.tinybird.chirp", "sounds": [ "twilightforest:mob/tinybird/chirp0", "twilightforest:mob/tinybird/chirp1", "twilightforest:mob/tinybird/chirp2" ] },
  "entity.twilightforest.tinybird.hurt": { "subtitle": "subtitles.twilightforest.entity.tinybird.hurt", "sounds": [ "twilightforest:mob/tinybird/hurt0", "twilightforest:mob/tinybird/hurt1" ] },
  "entity.twilightforest.tinybird.song": { "subtitle": "subtitles.twilightforest.entity.tinybird.song", "sounds": [ "twilightforest:mob/tinybird/song0", "twilightforest:mob/tinybird/song1" ] },
  "entity.twilightforest.tome.death": { "subtitle": "subtitles.twilightforest.entity.tome.death", "sounds": [ "twilightforest:mob/tome/death" ] },
  "entity.twilightforest.tome.hurt": { "subtitle": "subtitles.twilightforest.entity.tome.hurt", "sounds": [ "twilightforest:mob/tome/hurt1", "twilightforest:mob/tome/hurt2", "twilightforest:mob/tome/hurt3" ] },
  "entity.twilightforest.tome.idle": { "subtitle": "subtitles.twilightforest.entity.tome.idle", "sounds": [ "twilightforest:mob/tome/idle1", "twilightforest:mob/tome/idle2" ] },
  "entity.twilightforest.urghast.ambient": { "subtitle": "subtitles.twilightforest.entity.urghast.ambient", "sounds": [ "mob/ghast/moan1", "mob/ghast/moan2",  "mob/ghast/moan3", "mob/ghast/moan4", "mob/ghast/moan5", "mob/ghast/moan6", "mob/ghast/moan7" ] },
  "entity.twilightforest.urghast.death": { "subtitle": "subtitles.twilightforest.entity.urghast.death", "sounds": [ "mob/ghast/death" ] },
  "entity.twilightforest.urghast.hurt": { "subtitle": "subtitles.twilightforest.entity.urghast.hurt", "sounds": [  "mob/ghast/scream1", "mob/ghast/scream2", "mob/ghast/scream3", "mob/ghast/scream4", "mob/ghast/scream5" ] },
  "entity.twilightforest.urghast.trapactive": { "subtitle": "subtitles.twilightforest.entity.urghast.trapactive", "sounds": [ "twilightforest:mob/urghast/trapactive" ] },
  "entity.twilightforest.urghast.trapon": { "subtitle": "subtitles.twilightforest.entity.urghast.trapon", "sounds": [ "twilightforest:mob/urghast/trapon0", "twilightforest:mob/urghast/trapon1", "twilightforest:mob/urghast/trapon2", "twilightforest:mob/urghast/trapon3", "twilightforest:mob/urghast/trapon4" ] },
  "entity.twilightforest.urghast.trapspindown": { "subtitle": "subtitles.twilightforest.entity.urghast.trapspindown", "sounds": [ "twilightforest:mob/urghast/trapspindown" ] },
  "entity.twilightforest.urghast.trapwarmup": { "subtitle": "subtitles.twilightforest.entity.urghast.trapwarmup", "sounds": [ "twilightforest:mob/urghast/trapwarmup" ] },
  "entity.twilightforest.winterwolf.death": { "subtitle": "subtitles.twilightforest.entity.winterwolf.death", "sounds": [ "mob/wolf/death" ] },
  "entity.twilightforest.winterwolf.hurt": { "subtitle": "subtitles.twilightforest.entity.winterwolf.hurt", "sounds": [ "twilightforest:mob/mistwolf/hurt1", "twilightforest:mob/mistwolf/hurt2" ] },
  "entity.twilightforest.winterwolf.idle": { "subtitle": "subtitles.twilightforest.entity.winterwolf.idle", "sounds": [ "twilightforest:mob/mistwolf/idle1", "twilightforest:mob/mistwolf/idle2", "twilightforest:mob/mistwolf/idle3" ] },
  "entity.twilightforest.winterwolf.shoot": { "subtitle": "subtitles.twilightforest.entity.winterwolf.shoot", "sounds": [ "mob/ghast/fireball4" ] },
  "entity.twilightforest.winterwolf.target": { "subtitle": "subtitles.twilightforest.entity.winterwolf.target", "sounds": [ "twilightforest:mob/mistwolf/target" ] },
  "entity.twilightforest.wraith.ambient": { "subtitle": "subtitles.twilightforest.entity.wraith.ambient", "sounds": [ "twilightforest:mob/wraith/wraith0", "twilightforest:mob/wraith/wraith1", "twilightforest:mob/wraith/wraith2", "twilightforest:mob/wraith/wraith3" ] },
  "entity.twilightforest.wraith.death": { "subtitle": "subtitles.twilightforest.entity.wraith.death", "sounds": [ "twilightforest:mob/wraith/wraith0", "twilightforest:mob/wraith/wraith1", "twilightforest:mob/wraith/wraith2", "twilightforest:mob/wraith/wraith3" ] },
  "entity.twilightforest.wraith.hurt": { "subtitle": "subtitles.twilightforest.entity.wraith.hurt", "sounds": [ "twilightforest:mob/wraith/wraith0", "twilightforest:mob/wraith/wraith1", "twilightforest:mob/wraith/wraith2", "twilightforest:mob/wraith/wraith3" ] },
  "entity.twilightforest.yeti.death": { "subtitle": "subtitles.twilightforest.entity.yeti.death", "sounds": [ "twilightforest:mob/alphayeti/die" ] },
  "entity.twilightforest.yeti.grab": { "subtitle": "subtitles.twilightforest.entity.yeti.grab", "sounds": [ "twilightforest:mob/alphayeti/grab" ] },
  "entity.twilightforest.yeti.growl": { "subtitle": "subtitles.twilightforest.entity.yeti.growl", "sounds": [ "twilightforest:mob/alphayeti/growl1", "twilightforest:mob/alphayeti/growl2", "twilightforest:mob/alphayeti/growl3" ] },
  "entity.twilightforest.yeti.hurt": { "subtitle": "subtitles.twilightforest.entity.yeti.hurt", "sounds": [ "twilightforest:mob/alphayeti/hurt1", "twilightforest:mob/alphayeti/hurt2", "twilightforest:mob/alphayeti/hurt3" ] },
  "entity.twilightforest.yeti.throw": { "subtitle": "subtitles.twilightforest.entity.yeti.throw", "sounds": [ "twilightforest:mob/alphayeti/throw" ] },

  "entity.twilightforest.alphayeti.parrot": { "subtitle": "subtitles.twilightforest.entity.alphayeti.parrot", "sounds": [ { "type": "event", "name": "twilightforest:entity.alphayeti.growl", "volume": 0.6, "pitch": 1.8 } ] },
  "entity.twilightforest.carminitegolem.parrot": { "subtitle": "subtitles.twilightforest.entity.carminitegolem.parrot", "sounds": [ { "type": "event", "name": "twilightforest:entity.carminitegolem.hurt", "volume": 0.6, "pitch": 1.8 } ] },
  "entity.twilightforest.hostilewolf.parrot": { "subtitle": "subtitles.twilightforest.entity.hostilewolf.parrot", "sounds": [ { "type": "event", "name": "twilightforest:entity.hostilewolf.idle", "volume": 0.6, "pitch": 1.8 } ] },
  "entity.twilightforest.hydra.parrot": { "subtitle": "subtitles.twilightforest.entity.hydra.parrot", "sounds": [ { "type": "event", "name": "twilightforest:entity.hydra.roar", "volume": 0.6, "pitch": 1.8 } ] },
  "entity.twilightforest.icecore.parrot": { "subtitle": "subtitles.twilightforest.entity.icecore.parrot", "sounds": [ { "type": "event", "name": "twilightforest:entity.ice.noise", "volume": 0.6, "pitch": 1.8 } ] },
  "entity.twilightforest.kobold.parrot": { "subtitle": "subtitles.twilightforest.entity.kobold.parrot", "sounds": [ { "type": "event", "name": "twilightforest:entity.kobold.ambient", "volume": 0.6, "pitch": 1.8 } ] },
  "entity.twilightforest.minotaur.parrot": { "subtitle": "subtitles.twilightforest.entity.minotaur.parrot", "sounds": [ { "type": "event", "name": "twilightforest:entity.minotaur.ambient", "volume": 0.6, "pitch": 1.8 } ] },
  "entity.twilightforest.mosquito.parrot": { "subtitle": "subtitles.twilightforest.entity.mosquito.parrot", "sounds": [ { "type": "event", "name": "twilightforest:entity.mosquito.ambient", "volume": 0.6, "pitch": 1.8 } ] },
  "entity.twilightforest.naga.parrot": { "subtitle": "subtitles.twilightforest.entity.naga.parrot", "sounds": [ { "type": "event", "name": "twilightforest:entity.naga.rattle", "volume": 0.6, "pitch": 1.8 } ] },
  "entity.twilightforest.redcap.parrot": { "subtitle": "subtitles.twilightforest.entity.redcap.parrot", "sounds": [ { "type": "event", "name": "twilightforest:entity.redcap.ambient", "volume": 0.6, "pitch": 1.8 } ] },
  "entity.twilightforest.tome.parrot": { "subtitle": "subtitles.twilightforest.entity.tome.parrot", "sounds": [ { "type": "event", "name": "twilightforest:entity.tome.idle", "volume": 0.6, "pitch": 1.8 } ] },
  "entity.twilightforest.wraith.parrot": { "subtitle": "subtitles.twilightforest.entity.wraith.parrot", "sounds": [ { "type": "event", "name": "twilightforest:entity.wraith.ambient", "volume": 0.6, "pitch": 1.8 } ] },

  "block.twilightforest.bug.squish": { "subtitle": "subtitles.twilightforest.block.bug.squish", "sounds": ["mob/slime/small1", "mob/slime/small2", "mob/slime/small3", "mob/slime/small4", "mob/slime/small5"] },
  "block.twilightforest.builder.on": { "subtitle": "subtitles.twilightforest.block.builder.on", "sounds": ["random/click"] },
  "block.twilightforest.builder.off": { "subtitle": "subtitles.twilightforest.block.builder.off", "sounds": ["random/click"] },
  "block.twilightforest.builder.replace": { "subtitle": "subtitles.twilightforest.block.builder.replace", "sounds": ["random/pop"] },
  "block.twilightforest.door.activate": { "subtitle": "subtitles.twilightforest.block.door.activate", "sounds": ["random/click"] },
  "block.twilightforest.door.vanish": { "subtitle": "subtitles.twilightforest.block.door.vanish", "sounds": ["random/fizz"] },
  "block.twilightforest.door.reappear": { "subtitle": "subtitles.twilightforest.block.door.reappear", "sounds": ["random/fizz"] },
  "te.twilightforest.jet.start": { "subtitle": "subtitles.twilightforest.te.jet.start", "sounds": ["random/click"] },
  "te.twilightforest.jet.active": { "subtitle": "subtitles.twilightforest.te.jet.active", "sounds": ["mob/ghast/fireball4"] },
  "te.twilightforest.jet.pop": { "subtitle": "subtitles.twilightforest.te.jet.pop", "sounds": ["liquid/lavapop"] },
  "te.twilightforest.smoker.start": { "subtitle": "subtitles.twilightforest.te.smoker.start", "sounds": ["random/click"] },
  "te.twilightforest.reactor.idle": { "subtitle": "subtitles.twilightforest.te.reactor.idle", "sounds": [{"attenuation_distance":10, "name":"portal/portal"}] },
  "block.twilightforest.vanish.locked": { "subtitle": "subtitles.twilightforest.block.vanish.locked", "sounds": ["random/click"] },
  "block.twilightforest.vanish.unlock": { "subtitle": "subtitles.twilightforest.block.vanish.unlock", "sounds": ["random/click"] },
  "block.twilightforest.vanish.vanish": { "subtitle": "subtitles.twilightforest.block.vanish.vanish", "sounds": ["random/pop"] },
  "block.twilightforest.reappear.reappear": { "subtitle": "subtitles.twilightforest.block.reappear.reappear", "sounds": ["random/pop"] },
  "block.twilightforest.reappear.vanish": { "subtitle": "subtitles.twilightforest.block.reappear.vanish", "sounds": ["random/pop"] },
  "block.twilightforest.core.time": { "subtitle": "subtitles.twilightforest.block.core.time", "sounds": ["random/click"] },
  "block.twilightforest.core.transformation": { "subtitle": "subtitles.twilightforest.block.core.transformation", "sounds": ["note/harp2"] },
  "block.twilightforest.portal.woosh": { "subtitle": "subtitles.twilightforest.block.portal.woosh", "sounds": [{"attenuation_distance":10, "name":"portal/portal"}] },
  "block.twilightforest.pedestal.activate": { "subtitle": "subtitles.twilightforest.block.pedestal.activate", "sounds": ["mob/zombie/infect"] },

  "item.twilightforest.blockchain.collide": { "subtitle": "subtitles.twilightforest.item.blockchain.collide", "sounds": ["random/anvil_land"] },
  "item.twilightforest.blockchain.hit": { "subtitle": "subtitles.twilightforest.item.blockchain.hit", "sounds": ["mob/irongolem/throw"] },
  "item.twilightforest.blockchain.fire": { "subtitle": "subtitles.twilightforest.item.blockchain.fire", "sounds": ["random/bow"] },
  "item.twilightforest.glasssword.break": { "subtitle": "subtitles.twilightforest.item.glasssword.break", "sounds": [ "random/glass1", "random/glass2", "random/glass3" ] },
  "item.twilightforest.icebomb.fired": { "subtitle": "subtitles.twilightforest.item.icebomb.fired", "sounds": ["random/bow"] },
  "item.twilightforest.lamp.burn": { "subtitle": "subtitles.twilightforest.item.lamp.burn", "sounds": ["mob/ghast/fireball4"] },
  "item.twilightforest.moonworm.squish": { "subtitle": "subtitles.twilightforest.item.moonworm.squish", "sounds": ["mob/slime/small1", "mob/slime/small2", "mob/slime/small3", "mob/slime/small4", "mob/slime/small5"] },
  "item.twilightforest.magnet.grab": { "subtitle": "subtitles.twilightforest.item.magnet.grab", "sounds": ["mob/endermen/portal", "mob/endermen/portal2"] },
  "item.twilightforest.fan.woosh": { "subtitle": "subtitles.twilightforest.item.fan.woosh", "sounds": ["random/breath"] },
  "item.twilightforest.scepter.drain": { "subtitle": "subtitles.twilightforest.item.scepter.drain", "sounds": ["damage/fallbig"] },
  "item.twilightforest.scepter.use": { "subtitle": "subtitles.twilightforest.item.scepter.use", "sounds": ["fire/ignite"] },
  "item.twilightforest.scepter.pearl": { "subtitle": "subtitles.twilightforest.item.scepter.pearl", "sounds": ["mob/ghast/fireball4"] },
  "item.twilightforest.powder.use": { "subtitle": "subtitles.twilightforest.item.powder.use", "sounds": ["mob/zombie/remedy"] },
  "item.twilightforest.charm.keep": { "subtitle": "subtitles.twilightforest.item.charm.keep", "sounds": ["mob/zombie/unfect"] },
  "item.twilightforest.charm.life": { "subtitle": "subtitles.twilightforest.item.charm.life", "sounds": ["item/totem/use_totem"] },

  "random.twilightforest.slider": { "subtitle": "subtitles.twilightforest.random.slider", "sounds": [ "twilightforest:random/creakgo2" ] },

  "block.twilightforest.casket.open": { "subtitle": "subtitles.twilightforest.block.casket.open", "sounds": [ "twilightforest:random/casket/open" ] },
  "block.twilightforest.casket.close": { "subtitle": "subtitles.twilightforest.block.casket.close", "sounds": [ "twilightforest:random/casket/close" ] },
  "block.twilightforest.casket.locked": { "subtitle": "subtitles.twilightforest.block.casket.locked", "sounds": [ "block/wooden_door/close", "block/wooden_door/open" ] },
  "block.twilightforest.casket.repair": { "subtitle": "subtitles.twilightforest.block.casket.repair", "sounds": [ "twilightforest:random/casket/repair" ] },

  "music.bg": { "sounds": [
	{ "name": "twilightforest:music/superstitious", "stream": true, "volume": 0.25 },
	{ "name": "twilightforest:music/steps", "stream": true, "volume": 0.25 },
	{ "name": "twilightforest:music/radiance", "stream": true, "volume": 0.25 },
	{ "name": "twilightforest:music/ambient1", "stream": true },
	{ "name": "twilightforest:music/ambient2", "stream": true },
	{ "name": "twilightforest:music/ambient3", "stream": true },
	{ "name": "twilightforest:music/ambient4", "stream": true },
	{ "name": "twilightforest:music/ambient5", "stream": true },
	{ "name": "twilightforest:music/ambient6", "stream": true }
  ] }
}
