{
	"credit": "Made with Blockbench",
	"parent": "block/block",
	"ambientocclusion": false,
	"textures": {
		"1": "gregtech:blocks/casings/signs/machine_casing_stripes_a",
		"2": "gregtech:blocks/casings/signs/machine_casing_stripes_b",
		"3": "gregtech:blocks/casings/signs/machine_casing_stripes_d",
		"particle": "gregtech:blocks/casings/signs/machine_casing_stripes_b"
	},
	"elements": [
		{
			"from": [0, 0, 0],
			"to": [16, 16, 16],
			"faces": {
				"north": {"uv": [0, 0, 16, 16], "texture": "#2"},
				"east": {"uv": [0, 0, 16, 16], "texture": "#1"},
				"south": {"uv": [0, 0, 16, 16], "texture": "#1"},
				"west": {"uv": [0, 0, 16, 16], "texture": "#2"},
				"up": {"uv": [0, 0, 16, 16], "texture": "#3"},
				"down": {"uv": [0, 0, 16, 16], "texture": "#1"}
			}
		}
	]
}