{
	"credit": "Made with Blockbench",
	"parent": "minecraft:block/block",
	"textures": {
		"2": "gtadditions:blocks/casing/motor/lv/side",
		"4": "gtadditions:blocks/casing/motor/lv/back",
		"5": "gtadditions:blocks/casing/motor/lv/front",
		"6": "gtadditions:blocks/casing/motor/support",
		"7": "gtadditions:blocks/casing/motor/wire",
		"particle": "gtadditions:blocks/material_sets/dull/gt_metal_casing"
	},
	"elements": [
		{
			"name": "motor_body",
			"from": [4, 4, 2],
			"to": [12, 12, 14],
			"faces": {
				"north": {"uv": [0, 0, 16, 16], "texture": "#5"},
				"east": {"uv": [0, 0, 16, 16], "texture": "#2"},
				"south": {"uv": [0, 0, 16, 16], "texture": "#4"},
				"west": {"uv": [0, 0, 16, 16], "texture": "#2"},
				"up": {"uv": [0, 0, 16, 16], "rotation": 90, "texture": "#2"},
				"down": {"uv": [0, 0, 16, 16], "rotation": 90, "texture": "#2"}
			}
		},
		{
			"name": "motor_shaft",
			"from": [7, 7, 0.55],
			"to": [9, 9, 2.5],
			"faces": {
				"north": {"uv": [0, 0, 4, 4], "texture": "#4"},
				"east": {"uv": [0, 0, 4, 4], "texture": "#4"},
				"south": {"uv": [0, 0, 4, 4], "texture": "#4"},
				"west": {"uv": [0, 0, 4, 4], "texture": "#4"},
				"up": {"uv": [0, 0, 4, 4], "texture": "#4"},
				"down": {"uv": [0, 0, 4, 4], "texture": "#4"}
			}
		},
		{
			"from": [7, 11.5, 6],
			"to": [9, 15.5, 10],
			"faces": {
				"north": {"uv": [0, 4, 4, 12], "texture": "#6"},
				"east": {"uv": [0, 4, 8, 12], "texture": "#6"},
				"south": {"uv": [0, 4, 4, 12], "texture": "#6"},
				"west": {"uv": [0, 4, 8, 12], "texture": "#6"},
				"up": {"uv": [0, 4, 4, 12], "texture": "#6"},
				"down": {"uv": [0, 4, 4, 12], "texture": "#6"}
			}
		},
		{
			"from": [7, 0.5, 6],
			"to": [9, 4.5, 10],
			"faces": {
				"north": {"uv": [0, 4, 4, 12], "texture": "#6"},
				"east": {"uv": [0, 4, 8, 12], "texture": "#6"},
				"south": {"uv": [0, 4, 4, 12], "texture": "#6"},
				"west": {"uv": [0, 4, 8, 12], "texture": "#6"},
				"up": {"uv": [0, 4, 4, 12], "texture": "#6"},
				"down": {"uv": [0, 4, 4, 12], "texture": "#6"}
			}
		},
		{
			"from": [8, 3, 10],
			"to": [13, 4, 11],
			"faces": {
				"north": {"uv": [0, 0, 1, 5], "rotation": 90, "texture": "#7"},
				"east": {"uv": [0, 0, 1, 1], "texture": "#7"},
				"south": {"uv": [0, 0, 1, 5], "rotation": 90, "texture": "#7"},
				"west": {"uv": [0, 0, 1, 1], "texture": "#7"},
				"up": {"uv": [0, 0, 1, 5], "rotation": 90, "texture": "#7"},
				"down": {"uv": [0, 0, 1, 5], "rotation": 90, "texture": "#7"}
			}
		},
		{
			"from": [3, 12, 5],
			"to": [8, 13, 6],
			"faces": {
				"north": {"uv": [0, 0, 1, 5], "rotation": 90, "texture": "#7"},
				"east": {"uv": [0, 0, 1, 1], "texture": "#7"},
				"south": {"uv": [0, 0, 1, 5], "rotation": 90, "texture": "#7"},
				"west": {"uv": [0, 0, 1, 1], "texture": "#7"},
				"up": {"uv": [0, 0, 1, 5], "rotation": 90, "texture": "#7"},
				"down": {"uv": [0, 0, 1, 5], "rotation": 90, "texture": "#7"}
			}
		},
		{
			"from": [12, 4, 10],
			"to": [13, 9, 11],
			"faces": {
				"north": {"uv": [0, 0, 1, 5], "texture": "#7"},
				"east": {"uv": [0, 0, 1, 5], "texture": "#7"},
				"south": {"uv": [0, 0, 1, 5], "texture": "#7"},
				"west": {"uv": [0, 0, 1, 5], "texture": "#7"},
				"up": {"uv": [0, 0, 1, 1], "texture": "#7"},
				"down": {"uv": [0, 0, 1, 1], "texture": "#7"}
			}
		},
		{
			"from": [3, 7, 5],
			"to": [4, 12, 6],
			"faces": {
				"north": {"uv": [0, 0, 1, 5], "texture": "#7"},
				"east": {"uv": [0, 0, 1, 5], "texture": "#7"},
				"south": {"uv": [0, 0, 1, 5], "texture": "#7"},
				"west": {"uv": [0, 0, 1, 5], "texture": "#7"},
				"up": {"uv": [0, 0, 1, 1], "texture": "#7"},
				"down": {"uv": [0, 0, 1, 1], "texture": "#7"}
			}
		}
	],
	"groups": [0, 1,
		{
			"name": "supports",
			"origin": [0, 0, 0],
			"children": [2, 3]
		},
		{
			"name": "wires",
			"origin": [0, 0, 0],
			"children": [4, 5, 6, 7]
		}
	]
}