{
  "name": "灵魂",
  "icon": "elementaristics:textures/gui/icons/souls.png",
  "category": "soulogy",
  "pages": [
    {
      "type": "text",
      "text": "$(marked)灵魂$()与$(marked)身体$()以及$(marked)心智$()是任何可被叫做“活着的”存在的三种关键组成部分.$(br)所有清醒的灵魂又有以下三个组成部分:$(br2)- 魂核$(br)- 星体$(br)- 银白门径（A Silver Thread）"
    },
    {
      "type": "text",
      "text": "灵魂创生的具体过程无人知晓; 然而，人们至少知道这一过程发生在外部，在$(marked)混沌层$()中的某处，并受到周围其他领域的影响$(marked)奥术辐射$()，决定了许多重要的方面。$(br)这一过程就好似数种相互竞争的力量所组成的荒诞嬉戏。"
    },
    {
      "type": "text",
      "title": "魂核",
      "text": "$(marked)魂核$()基本上讲是灵魂的核心，是创造情感并管控着灵魂中的复杂事物。$(br)它充满了$源力，也就是那些各个要素的混合体，要素的其中一个是$魔力，也就是原生的神秘能量，它决定了其拥有者的神秘接受性。应该注意的是，它也会影响灵魂的健康程度。"
    },
    {
      "type": "text",
      "title": "星体",
      "text": "星体是因$(marked)星尘的完全熵化能力$()而形成的，这也是它得名的原因。它像一个保护壳般围绕在魂核旁，这是它的主要功能，由于魂核蕴藏着大量的神秘能量，因而它会不断的牵引外部的混沌能量。星体会根据能量的强度来提炼或排斥这种混沌能量。"
    },
    {
      "type": "text",
      "text": "与灵魂的其他部分不同，星体还可以它容纳关于其它实体的信息，比如多元宇宙巨龙，甚至是神性，这一点会在之后有所谈及……"
    },
    {
      "type": "text",
      "title": "银白门径（The Silver Thread）",
      "text": "$(marked)银白门径$()连接了灵魂和身体，它甚至通达了整个宇宙（只是为了让灵魂通向创造出它的主人那）。它是灵魂产生的所有信息的通路，也是我们理智的根源。银白门径的起源未知，每一个猜测似乎都难以使人信服且不太现实。"
    },
    {
      "type": "text",
      "text": "银白门径会被损坏甚至被破坏，灵魂的主人要么变得疯狂($(marked)，并打破了他们理性的边界$())，要么直接死亡。如果没有银白门径，灵魂将不复存在。"
    }
  ]
}